[{"code":"63071.HK","cnName":"我是1","dataType":"10001","enName":"JP#HSI  RC1703B","ftName":"我是1"},
{"code":"63072.HK","cnName":"我是2","dataType":"10002","enName":"JP#HSI  RC1703B","ftName":"我是2"},
{"code":"63073.HK","cnName":"我是3","dataType":"10003","enName":"JP#HSI  RC1703B","ftName":"我是3"},
{"code":"63074.HK","cnName":"我是4","dataType":"10004","enName":"JP#HSI  RC1703B","ftName":"我是4"},
{"code":"63075.HK","cnName":"我是5","dataType":"10005","enName":"JP#HSI  RC1703B","ftName":"我是5"}]