{
    "error": 0,
    "data": [{
        "id": 161,
        "title": "这些 App，搞定你的夏日旅行",
        "banner": "https://raw.githubusercontent.com/suyinkaishifangle/TC/master/6.jpg",
        "released_at": 1501642871
    }, {
        "id": 160,
        "title": "这些 App，让你的 Mac 桌面不再乱",
        "banner": "https://raw.githubusercontent.com/suyinkaishifangle/TC/master/2.jpg",
        "released_at": 1501051776
    }, {
        "id": 159,
        "title": "LaunchBar，加速你的 Mac",
        "banner": "https://raw.githubusercontent.com/suyinkaishifangle/TC/master/3.jpg",
        "released_at": 1500279076
    }, {
        "id": 158,
        "title": "iPad 学术指南",
        "banner": "https://raw.githubusercontent.com/suyinkaishifangle/TC/master/1.jpg",
        "released_at": 1499760122
    }, {
        "id": 157,
        "title": "iOS 11 具透",
        "banner": "https://raw.githubusercontent.com/suyinkaishifangle/TC/master/5.jpg",
        "released_at": 1498546041
    }, {
        "id": 153,
        "title": "滤镜应用，有 VSCO 就够了",
        "banner": "https://raw.githubusercontent.com/suyinkaishifangle/TC/master/5.jpg",
        "released_at": 1497242648
    }, {
        "id": 156,
        "title": "少数派带你看 WWDC 2017",
        "banner": "https://raw.githubusercontent.com/suyinkaishifangle/TC/master/6.jpg",
        "released_at": 1496385836
    }, {
        "id": 155,
        "title": "使用微信的进阶姿势",
        "banner": "https://raw.githubusercontent.com/suyinkaishifangle/TC/master/5.jpg",
        "released_at": 1495594433
    }, {
        "id": 154,
        "title": "想成为手机修图高手？先要用好它们",
        "banner": "https://raw.githubusercontent.com/suyinkaishifangle/TC/master/3.jpg",
        "released_at": 1495100557
    }, {
        "id": 152,
        "title": "用好滤镜，这里有不少好选择",
        "banner": "https://raw.githubusercontent.com/suyinkaishifangle/TC/master/2.jpg",
        "released_at": 1493967115
    }],
    "total": 28
}
