{
	"error": 0,
	"data": [{
		"id": 3,
		"banner": "https://raw.githubusercontent.com/suyinkaishifangle/TC/master/wushengxinchen.jpeg",
        "bg":"https://raw.githubusercontent.com/suyinkaishifangle/TC/master/bg.jpeg",
		"nickname": "乱世狂刀",
		"stime": 1500879903,
		"is_end": false,
		"article_total": 7,
		"update_total": 6,
		"is_discount": false,
		"discount": 0.800000,
		"avatar": "https://raw.githubusercontent.com/suyinkaishifangle/TC/master/boy.png",
		"title": "圣武星辰",
		"fee": 4900,
		"user_id": 682804,
		"discount_stime": 1501084800,
		"discount_etime": 1501516800,
        "content":""
	}, {
		"id": 1,
		"banner": "https://raw.githubusercontent.com/suyinkaishifangle/TC/master/wushengxinchen.jpeg",
        "bg":"https://raw.githubusercontent.com/suyinkaishifangle/TC/master/bg.jpeg",
		"nickname": "JailbreakHum",
		"stime": 1499841773,
		"is_end": true,
		"article_total": 10,
		"update_total": 11,
		"is_discount": false,
		"discount": 0.800000,
		"avatar": "https://raw.githubusercontent.com/suyinkaishifangle/TC/master/girl.png",
		"title": "用更现代的方式做任务管理",
		"fee": 5400,
		"user_id": 681230,
		"discount_stime": 1500825600,
		"discount_etime": 1501430400,
        "content":""
	}, {
		"id": 2,
		"banner": "https://raw.githubusercontent.com/suyinkaishifangle/TC/master/wushengxinchen.jpeg",
        "bg":"https://raw.githubusercontent.com/suyinkaishifangle/TC/master/bg.jpeg",
		"nickname": "涨汤",
		"stime": 1500976200,
		"is_end": false,
		"article_total": 5,
		"update_total": 3,
		"is_discount": false,
		"discount": 0.650000,
		"avatar": "https://cdn.sspai.com/avatar/6c73eb5f2c67d167f54d09be4d653e39.jpg",
		"title": "久坐的你，要保证正确的坐姿",
		"fee": 2900,
		"user_id": 756809,
		"discount_stime": 1500825600,
        "discount_etime": 1501516800,
        "content":""
	},{
        "id": 2,
        "banner": "https://raw.githubusercontent.com/suyinkaishifangle/TC/master/wushengxinchen.jpeg",
        "bg":"https://raw.githubusercontent.com/suyinkaishifangle/TC/master/bg.jpeg",
        "nickname": "涨汤",
        "stime": 1500976200,
        "is_end": false,
        "article_total": 5,
        "update_total": 2,
        "is_discount": false,
        "discount": 0.650000,
        "avatar": "https://raw.githubusercontent.com/suyinkaishifangle/TC/master/girl.png",
        "title": "久坐的你，要保证正确的坐姿",
        "fee": 2900,
        "user_id": 756809,
        "discount_stime": 1500825600,
        "discount_etime": 1501516800,
        "content":""
    },{
        "id": 2,
        "banner": "https://raw.githubusercontent.com/suyinkaishifangle/TC/master/wushengxinchen.jpeg",
        "bg":"https://raw.githubusercontent.com/suyinkaishifangle/TC/master/bg.jpeg",
        "nickname": "涨汤",
        "stime": 1500976200,
        "is_end": false,
        "article_total": 5,
        "update_total": 1,
        "is_discount": false,
        "discount": 0.650000,
        "avatar": "https://raw.githubusercontent.com/suyinkaishifangle/TC/master/girl.png",
        "title": "久坐的你，要保证正确的坐姿",
        "fee": 2900,
        "user_id": 756809,
        "discount_stime": 1500825600,
        "discount_etime": 1501516800,
        "content":""
    },{
        "id": 2,
        "banner": "https://raw.githubusercontent.com/suyinkaishifangle/TC/master/wushengxinchen.jpeg",
        "bg":"https://raw.githubusercontent.com/suyinkaishifangle/TC/master/bg.jpeg",
        "nickname": "涨汤",
        "stime": 1500976200,
        "is_end": false,
        "article_total": 5,
        "update_total": 5,
        "is_discount": false,
        "discount": 0.650000,
        "avatar": "https://raw.githubusercontent.com/suyinkaishifangle/TC/master/wushengxinchen.jpeg",
        "title": "久坐的你，要保证正确的坐姿",
        "fee": 2900,
        "user_id": 756809,
        "discount_stime": 1500825600,
        "discount_etime": 1501516800,
        "content":""
    }]
}
